"","Id","IndicatorCode","SpatialDimType","Country","ParentLocationCode","TimeDimType","ParentLocation","Dim1Type","Year","Dim1","Dim2Type","Dim2","Dim3Type","Dim3","DataSourceDimType","DataSourceDim","Value","NumericValue","Low","High","Comments","Date","TimeDimensionValue","TimeDimensionBegin","TimeDimensionEnd"
"1",3791994,"WSH_20_WAT","COUNTRY","AGO","AFR","YEAR","Africa","SEX",2019,"SEX_BTSX","AGEGROUP","AGEGROUP_YEARSALL",NA,NA,NA,NA,"0.40 [0.29-0.52]",0.39756,0.29019,0.51769,NA,"2022-11-16T11:21:06+01:00","2019","2019-01-01T00:00:00+01:00","2019-12-31T00:00:00+01:00"
"2",1100839,"WSH_20_WAT","COUNTRY","BFA","AFR","YEAR","Africa","SEX",2019,"SEX_BTSX","AGEGROUP","AGEGROUP_YEARSALL",NA,NA,NA,NA,"0.46 [0.35-0.58]",0.4597,0.35148,0.57578,NA,"2022-11-16T11:21:06+01:00","2019","2019-01-01T00:00:00+01:00","2019-12-31T00:00:00+01:00"
"3",961251,"WSH_20_WAT","COUNTRY","PNG","WPR","YEAR","Western Pacific","SEX",2019,"SEX_BTSX","AGEGROUP","AGEGROUP_YEARSALL",NA,NA,NA,NA,"0.43 [0.29-0.58]",0.43305,0.28765,0.58096,NA,"2022-11-16T11:21:07+01:00","2019","2019-01-01T00:00:00+01:00","2019-12-31T00:00:00+01:00"
"4",9915942,"WSH_20_WAT","COUNTRY","TUN","EMR","YEAR","Eastern Mediterranean","SEX",2019,"SEX_BTSX","AGEGROUP","AGEGROUP_YEARSALL",NA,NA,NA,NA,"0.26 [0.17-0.38]",0.25752,0.17106,0.37804,NA,"2022-11-16T11:21:08+01:00","2019","2019-01-01T00:00:00+01:00","2019-12-31T00:00:00+01:00"
"5",8427197,"WSH_20_WAT","COUNTRY","TGO","AFR","YEAR","Africa","SEX",2019,"SEX_BTSX","AGEGROUP","AGEGROUP_YEARSALL",NA,NA,NA,NA,"0.43 [0.33-0.54]",0.43242,0.32772,0.54392,NA,"2022-11-16T11:21:08+01:00","2019","2019-01-01T00:00:00+01:00","2019-12-31T00:00:00+01:00"
"6",5366346,"WSH_20_WAT","COUNTRY","MEX","AMR","YEAR","Americas","SEX",2019,"SEX_BTSX","AGEGROUP","AGEGROUP_YEARSALL",NA,NA,NA,NA,"0.18 [0.08-0.36]",0.18378,0.07613,0.3615,NA,"2022-11-16T11:21:07+01:00","2019","2019-01-01T00:00:00+01:00","2019-12-31T00:00:00+01:00"
"7",7591521,"WSH_20_WAT","COUNTRY","SSD","AFR","YEAR","Africa","SEX",2019,"SEX_BTSX","AGEGROUP","AGEGROUP_YEARSALL",NA,NA,NA,NA,"0.46 [0.35-0.58]",0.46343,0.35378,0.58001,NA,"2022-11-16T11:21:08+01:00","2019","2019-01-01T00:00:00+01:00","2019-12-31T00:00:00+01:00"
"8",7648388,"WSH_20_WAT","COUNTRY","BRA","AMR","YEAR","Americas","SEX",2019,"SEX_BTSX","AGEGROUP","AGEGROUP_YEARSALL",NA,NA,NA,NA,"0.13 [0.05-0.32]",0.13177,0.0471,0.31525,NA,"2022-11-16T11:21:06+01:00","2019","2019-01-01T00:00:00+01:00","2019-12-31T00:00:00+01:00"
"9",4127502,"WSH_20_WAT","COUNTRY","SLV","AMR","YEAR","Americas","SEX",2019,"SEX_BTSX","AGEGROUP","AGEGROUP_YEARSALL",NA,NA,NA,NA,"0.23 [0.12-0.39]",0.23347,0.12432,0.39133,NA,"2022-11-16T11:21:08+01:00","2019","2019-01-01T00:00:00+01:00","2019-12-31T00:00:00+01:00"
"10",6680132,"WSH_20_WAT","COUNTRY","CRI","AMR","YEAR","Americas","SEX",2019,"SEX_BTSX","AGEGROUP","AGEGROUP_YEARSALL",NA,NA,NA,NA,"0.15 [0.06-0.32]",0.15411,0.06297,0.32322,NA,"2022-11-16T11:21:06+01:00","2019","2019-01-01T00:00:00+01:00","2019-12-31T00:00:00+01:00"
"11",7591692,"WSH_20_WAT","COUNTRY","LAO","WPR","YEAR","Western Pacific","SEX",2019,"SEX_BTSX","AGEGROUP","AGEGROUP_YEARSALL",NA,NA,NA,NA,"0.26 [0.18-0.36]",0.26197,0.1821,0.36465,NA,"2022-11-16T11:21:07+01:00","2019","2019-01-01T00:00:00+01:00","2019-12-31T00:00:00+01:00"
"12",5781138,"WSH_20_WAT","COUNTRY","GMB","AFR","YEAR","Africa","SEX",2019,"SEX_BTSX","AGEGROUP","AGEGROUP_YEARSALL",NA,NA,NA,NA,"0.40 [0.29-0.52]",0.39607,0.28752,0.51857,NA,"2022-11-16T11:21:06+01:00","2019","2019-01-01T00:00:00+01:00","2019-12-31T00:00:00+01:00"
"13",5278929,"WSH_20_WAT","COUNTRY","BGD","SEAR","YEAR","South-East Asia","SEX",2019,"SEX_BTSX","AGEGROUP","AGEGROUP_YEARSALL",NA,NA,NA,NA,"0.35 [0.24-0.50]",0.35445,0.23693,0.49745,NA,"2022-11-16T11:21:06+01:00","2019","2019-01-01T00:00:00+01:00","2019-12-31T00:00:00+01:00"
"14",1126756,"WSH_20_WAT","COUNTRY","TKM","EUR","YEAR","Europe","SEX",2019,"SEX_BTSX","AGEGROUP","AGEGROUP_YEARSALL",NA,NA,NA,NA,"0.10 [0.03-0.28]",0.09575,0.02659,0.27588,NA,"2022-11-16T11:21:08+01:00","2019","2019-01-01T00:00:00+01:00","2019-12-31T00:00:00+01:00"
"15",7769051,"WSH_20_WAT","COUNTRY","NPL","SEAR","YEAR","South-East Asia","SEX",2019,"SEX_BTSX","AGEGROUP","AGEGROUP_YEARSALL",NA,NA,NA,NA,"0.36 [0.26-0.50]",0.36397,0.257,0.49562,NA,"2022-11-16T11:21:07+01:00","2019","2019-01-01T00:00:00+01:00","2019-12-31T00:00:00+01:00"
"16",4805876,"WSH_20_WAT","COUNTRY","DJI","EMR","YEAR","Eastern Mediterranean","SEX",2019,"SEX_BTSX","AGEGROUP","AGEGROUP_YEARSALL",NA,NA,NA,NA,"0.40 [0.26-0.55]",0.39773,0.25941,0.54866,NA,"2022-11-16T11:21:06+01:00","2019","2019-01-01T00:00:00+01:00","2019-12-31T00:00:00+01:00"
"17",1449671,"WSH_20_WAT","COUNTRY","UGA","AFR","YEAR","Africa","SEX",2019,"SEX_BTSX","AGEGROUP","AGEGROUP_YEARSALL",NA,NA,NA,NA,"0.37 [0.28-0.48]",0.37155,0.27882,0.47743,NA,"2022-11-16T11:21:08+01:00","2019","2019-01-01T00:00:00+01:00","2019-12-31T00:00:00+01:00"
"18",1810199,"WSH_20_WAT","COUNTRY","KEN","AFR","YEAR","Africa","SEX",2019,"SEX_BTSX","AGEGROUP","AGEGROUP_YEARSALL",NA,NA,NA,NA,"0.36 [0.27-0.47]",0.35987,0.26902,0.46643,NA,"2022-11-16T11:21:07+01:00","2019","2019-01-01T00:00:00+01:00","2019-12-31T00:00:00+01:00"
"19",7664,"WSH_20_WAT","COUNTRY","ALB","EUR","YEAR","Europe","SEX",2019,"SEX_BTSX","AGEGROUP","AGEGROUP_YEARSALL",NA,NA,NA,NA,"0.23 [0.10-0.41]",0.22943,0.0994,0.41011,NA,"2022-11-16T11:21:06+01:00","2019","2019-01-01T00:00:00+01:00","2019-12-31T00:00:00+01:00"
"20",6611398,"WSH_20_WAT","COUNTRY","MYS","WPR","YEAR","Western Pacific","SEX",2019,"SEX_BTSX","AGEGROUP","AGEGROUP_YEARSALL",NA,NA,NA,NA,"0.22 [0.11-0.37]",0.21664,0.11216,0.36765,NA,"2022-11-16T11:21:07+01:00","2019","2019-01-01T00:00:00+01:00","2019-12-31T00:00:00+01:00"
"21",7004094,"WSH_20_WAT","COUNTRY","LCA","AMR","YEAR","Americas","SEX",2019,"SEX_BTSX","AGEGROUP","AGEGROUP_YEARSALL",NA,NA,NA,NA,"0.22 [0.11-0.37]",0.21831,0.11298,0.37456,NA,"2022-11-16T11:21:07+01:00","2019","2019-01-01T00:00:00+01:00","2019-12-31T00:00:00+01:00"
"22",558281,"WSH_20_WAT","COUNTRY","FJI","WPR","YEAR","Western Pacific","SEX",2019,"SEX_BTSX","AGEGROUP","AGEGROUP_YEARSALL",NA,NA,NA,NA,"0.30 [0.13-0.49]",0.2955,0.13329,0.49282,NA,"2022-11-16T11:21:06+01:00","2019","2019-01-01T00:00:00+01:00","2019-12-31T00:00:00+01:00"
"23",8839555,"WSH_20_WAT","COUNTRY","COD","AFR","YEAR","Africa","SEX",2019,"SEX_BTSX","AGEGROUP","AGEGROUP_YEARSALL",NA,NA,NA,NA,"0.46 [0.35-0.58]",0.46277,0.34771,0.58436,NA,"2022-11-16T11:21:06+01:00","2019","2019-01-01T00:00:00+01:00","2019-12-31T00:00:00+01:00"
"24",6269147,"WSH_20_WAT","COUNTRY","EGY","EMR","YEAR","Eastern Mediterranean","SEX",2019,"SEX_BTSX","AGEGROUP","AGEGROUP_YEARSALL",NA,NA,NA,NA,"0.23 [0.09-0.41]",0.23076,0.08964,0.41269,NA,"2022-11-16T11:21:06+01:00","2019","2019-01-01T00:00:00+01:00","2019-12-31T00:00:00+01:00"
"25",3211202,"WSH_20_WAT","COUNTRY","BOL","AMR","YEAR","Americas","SEX",2019,"SEX_BTSX","AGEGROUP","AGEGROUP_YEARSALL",NA,NA,NA,NA,"0.23 [0.13-0.38]",0.23166,0.13088,0.3845,NA,"2022-11-16T11:21:06+01:00","2019","2019-01-01T00:00:00+01:00","2019-12-31T00:00:00+01:00"
"26",9739747,"WSH_20_WAT","COUNTRY","WSM","WPR","YEAR","Western Pacific","SEX",2019,"SEX_BTSX","AGEGROUP","AGEGROUP_YEARSALL",NA,NA,NA,NA,"0.30 [0.20-0.43]",0.30174,0.20087,0.43086,NA,"2022-11-16T11:21:08+01:00","2019","2019-01-01T00:00:00+01:00","2019-12-31T00:00:00+01:00"
"27",4406969,"WSH_20_WAT","COUNTRY","ETH","AFR","YEAR","Africa","SEX",2019,"SEX_BTSX","AGEGROUP","AGEGROUP_YEARSALL",NA,NA,NA,NA,"0.46 [0.35-0.57]",0.45841,0.35186,0.56867,NA,"2022-11-16T11:21:06+01:00","2019","2019-01-01T00:00:00+01:00","2019-12-31T00:00:00+01:00"
"28",160170,"WSH_20_WAT","COUNTRY","VEN","AMR","YEAR","Americas","SEX",2019,"SEX_BTSX","AGEGROUP","AGEGROUP_YEARSALL",NA,NA,NA,NA,"0.02 [0.00-0.17]",0.02055,0.00275,0.17269,NA,"2022-11-16T11:21:08+01:00","2019","2019-01-01T00:00:00+01:00","2019-12-31T00:00:00+01:00"
"29",867609,"WSH_20_WAT","COUNTRY","ZWE","AFR","YEAR","Africa","SEX",2019,"SEX_BTSX","AGEGROUP","AGEGROUP_YEARSALL",NA,NA,NA,NA,"0.42 [0.33-0.53]",0.42407,0.32527,0.5319,NA,"2022-11-16T11:21:08+01:00","2019","2019-01-01T00:00:00+01:00","2019-12-31T00:00:00+01:00"
"30",9106310,"WSH_20_WAT","COUNTRY","TON","WPR","YEAR","Western Pacific","SEX",2019,"SEX_BTSX","AGEGROUP","AGEGROUP_YEARSALL",NA,NA,NA,NA,"0.32 [0.21-0.46]",0.32009,0.20905,0.45888,NA,"2022-11-16T11:21:08+01:00","2019","2019-01-01T00:00:00+01:00","2019-12-31T00:00:00+01:00"
"31",1121570,"WSH_20_WAT","COUNTRY","SUR","AMR","YEAR","Americas","SEX",2019,"SEX_BTSX","AGEGROUP","AGEGROUP_YEARSALL",NA,NA,NA,NA,"0.30 [0.20-0.43]",0.29822,0.20064,0.4284,NA,"2022-11-16T11:21:08+01:00","2019","2019-01-01T00:00:00+01:00","2019-12-31T00:00:00+01:00"
"32",9283859,"WSH_20_WAT","COUNTRY","BEN","AFR","YEAR","Africa","SEX",2019,"SEX_BTSX","AGEGROUP","AGEGROUP_YEARSALL",NA,NA,NA,NA,"0.44 [0.33-0.55]",0.43935,0.33188,0.55346,NA,"2022-11-16T11:21:06+01:00","2019","2019-01-01T00:00:00+01:00","2019-12-31T00:00:00+01:00"
"33",7181087,"WSH_20_WAT","COUNTRY","IDN","SEAR","YEAR","South-East Asia","SEX",2019,"SEX_BTSX","AGEGROUP","AGEGROUP_YEARSALL",NA,NA,NA,NA,"0.12 [0.08-0.20]",0.12267,0.07884,0.19862,NA,"2022-11-16T11:21:06+01:00","2019","2019-01-01T00:00:00+01:00","2019-12-31T00:00:00+01:00"
"34",6954074,"WSH_20_WAT","COUNTRY","YEM","EMR","YEAR","Eastern Mediterranean","SEX",2019,"SEX_BTSX","AGEGROUP","AGEGROUP_YEARSALL",NA,NA,NA,NA,"0.27 [0.16-0.42]",0.2724,0.16029,0.42301,NA,"2022-11-16T11:21:08+01:00","2019","2019-01-01T00:00:00+01:00","2019-12-31T00:00:00+01:00"
"35",1279743,"WSH_20_WAT","COUNTRY","CUB","AMR","YEAR","Americas","SEX",2019,"SEX_BTSX","AGEGROUP","AGEGROUP_YEARSALL",NA,NA,NA,NA,"0.17 [0.09-0.32]",0.17467,0.08782,0.32464,NA,"2022-11-16T11:21:06+01:00","2019","2019-01-01T00:00:00+01:00","2019-12-31T00:00:00+01:00"
"36",7719480,"WSH_20_WAT","COUNTRY","CPV","AFR","YEAR","Africa","SEX",2019,"SEX_BTSX","AGEGROUP","AGEGROUP_YEARSALL",NA,NA,NA,NA,"0.38 [0.24-0.54]",0.37629,0.2357,0.53821,NA,"2022-11-16T11:21:06+01:00","2019","2019-01-01T00:00:00+01:00","2019-12-31T00:00:00+01:00"
"37",7434630,"WSH_20_WAT","COUNTRY","GTM","AMR","YEAR","Americas","SEX",2019,"SEX_BTSX","AGEGROUP","AGEGROUP_YEARSALL",NA,NA,NA,NA,"0.22 [0.13-0.34]",0.21743,0.13462,0.34277,NA,"2022-11-16T11:21:06+01:00","2019","2019-01-01T00:00:00+01:00","2019-12-31T00:00:00+01:00"
"38",8061492,"WSH_20_WAT","COUNTRY","PRK","SEAR","YEAR","South-East Asia","SEX",2019,"SEX_BTSX","AGEGROUP","AGEGROUP_YEARSALL",NA,NA,NA,NA,"0.20 [0.11-0.36]",0.20413,0.10826,0.35638,NA,"2022-11-16T11:21:07+01:00","2019","2019-01-01T00:00:00+01:00","2019-12-31T00:00:00+01:00"
"39",10151900,"WSH_20_WAT","COUNTRY","BLR","EUR","YEAR","Europe","SEX",2019,"SEX_BTSX","AGEGROUP","AGEGROUP_YEARSALL",NA,NA,NA,NA,"0.06 [0.02-0.20]",0.06018,0.0214,0.19896,NA,"2022-11-16T11:21:06+01:00","2019","2019-01-01T00:00:00+01:00","2019-12-31T00:00:00+01:00"
"40",6840048,"WSH_20_WAT","COUNTRY","BTN","SEAR","YEAR","South-East Asia","SEX",2019,"SEX_BTSX","AGEGROUP","AGEGROUP_YEARSALL",NA,NA,NA,NA,"0.14 [0.09-0.21]",0.13807,0.08949,0.21345,NA,"2022-11-16T11:21:06+01:00","2019","2019-01-01T00:00:00+01:00","2019-12-31T00:00:00+01:00"
"41",3351219,"WSH_20_WAT","COUNTRY","KHM","WPR","YEAR","Western Pacific","SEX",2019,"SEX_BTSX","AGEGROUP","AGEGROUP_YEARSALL",NA,NA,NA,NA,"0.33 [0.23-0.44]",0.32689,0.23465,0.43649,NA,"2022-11-16T11:21:07+01:00","2019","2019-01-01T00:00:00+01:00","2019-12-31T00:00:00+01:00"
"42",2572822,"WSH_20_WAT","COUNTRY","RUS","EUR","YEAR","Europe","SEX",2019,"SEX_BTSX","AGEGROUP","AGEGROUP_YEARSALL",NA,NA,NA,NA,"0.17 [0.07-0.35]",0.17199,0.06569,0.35165,NA,"2022-11-16T11:21:07+01:00","2019","2019-01-01T00:00:00+01:00","2019-12-31T00:00:00+01:00"
"43",2769090,"WSH_20_WAT","COUNTRY","FSM","WPR","YEAR","Western Pacific","SEX",2019,"SEX_BTSX","AGEGROUP","AGEGROUP_YEARSALL",NA,NA,NA,NA,"0.08 [0.01-0.39]",0.08223,0.00862,0.39438,NA,"2022-11-16T11:21:06+01:00","2019","2019-01-01T00:00:00+01:00","2019-12-31T00:00:00+01:00"
"44",7776564,"WSH_20_WAT","COUNTRY","LBR","AFR","YEAR","Africa","SEX",2019,"SEX_BTSX","AGEGROUP","AGEGROUP_YEARSALL",NA,NA,NA,NA,"0.43 [0.32-0.54]",0.42562,0.32348,0.53807,NA,"2022-11-16T11:21:07+01:00","2019","2019-01-01T00:00:00+01:00","2019-12-31T00:00:00+01:00"
"45",9068704,"WSH_20_WAT","COUNTRY","KIR","WPR","YEAR","Western Pacific","SEX",2019,"SEX_BTSX","AGEGROUP","AGEGROUP_YEARSALL",NA,NA,NA,NA,"0.15 [0.11-0.22]",0.15445,0.11094,0.21759,NA,"2022-11-16T11:21:07+01:00","2019","2019-01-01T00:00:00+01:00","2019-12-31T00:00:00+01:00"
"46",6345937,"WSH_20_WAT","COUNTRY","SYR","EMR","YEAR","Eastern Mediterranean","SEX",2019,"SEX_BTSX","AGEGROUP","AGEGROUP_YEARSALL",NA,NA,NA,NA,"0.24 [0.11-0.42]",0.24038,0.1063,0.42336,NA,"2022-11-16T11:21:08+01:00","2019","2019-01-01T00:00:00+01:00","2019-12-31T00:00:00+01:00"
"47",6428533,"WSH_20_WAT","COUNTRY","ARM","EUR","YEAR","Europe","SEX",2019,"SEX_BTSX","AGEGROUP","AGEGROUP_YEARSALL",NA,NA,NA,NA,"0.20 [0.07-0.38]",0.19777,0.07038,0.38333,NA,"2022-11-16T11:21:06+01:00","2019","2019-01-01T00:00:00+01:00","2019-12-31T00:00:00+01:00"
"48",786426,"WSH_20_WAT","COUNTRY","LKA","SEAR","YEAR","South-East Asia","SEX",2019,"SEX_BTSX","AGEGROUP","AGEGROUP_YEARSALL",NA,NA,NA,NA,"0.22 [0.11-0.37]",0.21696,0.11259,0.37472,NA,"2022-11-16T11:21:07+01:00","2019","2019-01-01T00:00:00+01:00","2019-12-31T00:00:00+01:00"
"49",4933946,"WSH_20_WAT","COUNTRY","MRT","AFR","YEAR","Africa","SEX",2019,"SEX_BTSX","AGEGROUP","AGEGROUP_YEARSALL",NA,NA,NA,NA,"0.41 [0.30-0.53]",0.40737,0.30083,0.52507,NA,"2022-11-16T11:21:07+01:00","2019","2019-01-01T00:00:00+01:00","2019-12-31T00:00:00+01:00"
"50",10165002,"WSH_20_WAT","COUNTRY","SRB","EUR","YEAR","Europe","SEX",2019,"SEX_BTSX","AGEGROUP","AGEGROUP_YEARSALL",NA,NA,NA,NA,"0.23 [0.09-0.41]",0.22648,0.09341,0.41125,NA,"2022-11-16T11:21:08+01:00","2019","2019-01-01T00:00:00+01:00","2019-12-31T00:00:00+01:00"
"51",8328393,"WSH_20_WAT","COUNTRY","GUY","AMR","YEAR","Americas","SEX",2019,"SEX_BTSX","AGEGROUP","AGEGROUP_YEARSALL",NA,NA,NA,NA,"0.28 [0.19-0.39]",0.27645,0.19471,0.38777,NA,"2022-11-16T11:21:06+01:00","2019","2019-01-01T00:00:00+01:00","2019-12-31T00:00:00+01:00"
"52",4870928,"WSH_20_WAT","COUNTRY","VUT","WPR","YEAR","Western Pacific","SEX",2019,"SEX_BTSX","AGEGROUP","AGEGROUP_YEARSALL",NA,NA,NA,NA,"0.34 [0.19-0.49]",0.33559,0.18874,0.493,NA,"2022-11-16T11:21:08+01:00","2019","2019-01-01T00:00:00+01:00","2019-12-31T00:00:00+01:00"
"53",6067907,"WSH_20_WAT","COUNTRY","TUR","EUR","YEAR","Europe","SEX",2019,"SEX_BTSX","AGEGROUP","AGEGROUP_YEARSALL",NA,NA,NA,NA,"0.13 [0.05-0.30]",0.12994,0.05217,0.298,NA,"2022-11-16T11:21:08+01:00","2019","2019-01-01T00:00:00+01:00","2019-12-31T00:00:00+01:00"
"54",1603083,"WSH_20_WAT","COUNTRY","ZAF","AFR","YEAR","Africa","SEX",2019,"SEX_BTSX","AGEGROUP","AGEGROUP_YEARSALL",NA,NA,NA,NA,"0.27 [0.14-0.44]",0.27494,0.14195,0.4414,NA,"2022-11-16T11:21:08+01:00","2019","2019-01-01T00:00:00+01:00","2019-12-31T00:00:00+01:00"
"55",1848692,"WSH_20_WAT","COUNTRY","SLE","AFR","YEAR","Africa","SEX",2019,"SEX_BTSX","AGEGROUP","AGEGROUP_YEARSALL",NA,NA,NA,NA,"0.45 [0.35-0.56]",0.4489,0.34677,0.55727,NA,"2022-11-16T11:21:07+01:00","2019","2019-01-01T00:00:00+01:00","2019-12-31T00:00:00+01:00"
"56",319397,"WSH_20_WAT","COUNTRY","SOM","EMR","YEAR","Eastern Mediterranean","SEX",2019,"SEX_BTSX","AGEGROUP","AGEGROUP_YEARSALL",NA,NA,NA,NA,"0.44 [0.31-0.58]",0.4427,0.31122,0.58202,NA,"2022-11-16T11:21:08+01:00","2019","2019-01-01T00:00:00+01:00","2019-12-31T00:00:00+01:00"
"57",15753,"WSH_20_WAT","COUNTRY","JOR","EMR","YEAR","Eastern Mediterranean","SEX",2019,"SEX_BTSX","AGEGROUP","AGEGROUP_YEARSALL",NA,NA,NA,NA,"0.13 [0.04-0.31]",0.12956,0.04197,0.30999,NA,"2022-11-16T11:21:07+01:00","2019","2019-01-01T00:00:00+01:00","2019-12-31T00:00:00+01:00"
"58",3833001,"WSH_20_WAT","COUNTRY","STP","AFR","YEAR","Africa","SEX",2019,"SEX_BTSX","AGEGROUP","AGEGROUP_YEARSALL",NA,NA,NA,NA,"0.37 [0.27-0.50]",0.37448,0.26838,0.49822,NA,"2022-11-16T11:21:08+01:00","2019","2019-01-01T00:00:00+01:00","2019-12-31T00:00:00+01:00"
"59",8980595,"WSH_20_WAT","COUNTRY","ROU","EUR","YEAR","Europe","SEX",2019,"SEX_BTSX","AGEGROUP","AGEGROUP_YEARSALL",NA,NA,NA,NA,"0.15 [0.05-0.33]",0.153,0.05393,0.33214,NA,"2022-11-16T11:21:07+01:00","2019","2019-01-01T00:00:00+01:00","2019-12-31T00:00:00+01:00"
"60",325990,"WSH_20_WAT","COUNTRY","VCT","AMR","YEAR","Americas","SEX",2019,"SEX_BTSX","AGEGROUP","AGEGROUP_YEARSALL",NA,NA,NA,NA,"0.24 [0.11-0.42]",0.24208,0.11098,0.42097,NA,"2022-11-16T11:21:08+01:00","2019","2019-01-01T00:00:00+01:00","2019-12-31T00:00:00+01:00"
"61",10127536,"WSH_20_WAT","COUNTRY","UZB","EUR","YEAR","Europe","SEX",2019,"SEX_BTSX","AGEGROUP","AGEGROUP_YEARSALL",NA,NA,NA,NA,"0.07 [0.04-0.12]",0.0693,0.04191,0.11541,NA,"2022-11-16T11:21:08+01:00","2019","2019-01-01T00:00:00+01:00","2019-12-31T00:00:00+01:00"
"62",2611836,"WSH_20_WAT","COUNTRY","CIV","AFR","YEAR","Africa","SEX",2019,"SEX_BTSX","AGEGROUP","AGEGROUP_YEARSALL",NA,NA,NA,NA,"0.40 [0.30-0.51]",0.39997,0.29832,0.51165,NA,"2022-11-16T11:21:06+01:00","2019","2019-01-01T00:00:00+01:00","2019-12-31T00:00:00+01:00"
"63",7581748,"WSH_20_WAT","COUNTRY","RWA","AFR","YEAR","Africa","SEX",2019,"SEX_BTSX","AGEGROUP","AGEGROUP_YEARSALL",NA,NA,NA,NA,"0.33 [0.25-0.43]",0.33097,0.24621,0.43239,NA,"2022-11-16T11:21:07+01:00","2019","2019-01-01T00:00:00+01:00","2019-12-31T00:00:00+01:00"
"64",1154768,"WSH_20_WAT","COUNTRY","TJK","EUR","YEAR","Europe","SEX",2019,"SEX_BTSX","AGEGROUP","AGEGROUP_YEARSALL",NA,NA,NA,NA,"0.11 [0.06-0.22]",0.10753,0.06013,0.22014,NA,"2022-11-16T11:21:08+01:00","2019","2019-01-01T00:00:00+01:00","2019-12-31T00:00:00+01:00"
"65",4213088,"WSH_20_WAT","COUNTRY","MAR","EMR","YEAR","Eastern Mediterranean","SEX",2019,"SEX_BTSX","AGEGROUP","AGEGROUP_YEARSALL",NA,NA,NA,NA,"0.12 [0.06-0.21]",0.11529,0.05959,0.21148,NA,"2022-11-16T11:21:07+01:00","2019","2019-01-01T00:00:00+01:00","2019-12-31T00:00:00+01:00"
"66",9912707,"WSH_20_WAT","COUNTRY","MDA","EUR","YEAR","Europe","SEX",2019,"SEX_BTSX","AGEGROUP","AGEGROUP_YEARSALL",NA,NA,NA,NA,"0.20 [0.08-0.44]",0.20348,0.08017,0.43798,NA,"2022-11-16T11:21:07+01:00","2019","2019-01-01T00:00:00+01:00","2019-12-31T00:00:00+01:00"
"67",3933977,"WSH_20_WAT","COUNTRY","MKD","EUR","YEAR","Europe","SEX",2019,"SEX_BTSX","AGEGROUP","AGEGROUP_YEARSALL",NA,NA,NA,NA,"0.20 [0.08-0.38]",0.20447,0.08378,0.37782,NA,"2022-11-16T11:21:07+01:00","2019","2019-01-01T00:00:00+01:00","2019-12-31T00:00:00+01:00"
"68",9082509,"WSH_20_WAT","COUNTRY","IND","SEAR","YEAR","South-East Asia","SEX",2019,"SEX_BTSX","AGEGROUP","AGEGROUP_YEARSALL",NA,NA,NA,NA,"0.30 [0.19-0.45]",0.30413,0.18516,0.45079,NA,"2022-11-16T11:21:06+01:00","2019","2019-01-01T00:00:00+01:00","2019-12-31T00:00:00+01:00"
"69",3130822,"WSH_20_WAT","COUNTRY","NGA","AFR","YEAR","Africa","SEX",2019,"SEX_BTSX","AGEGROUP","AGEGROUP_YEARSALL",NA,NA,NA,NA,"0.43 [0.33-0.54]",0.42965,0.32549,0.54289,NA,"2022-11-16T11:21:07+01:00","2019","2019-01-01T00:00:00+01:00","2019-12-31T00:00:00+01:00"
"70",5288089,"WSH_20_WAT","COUNTRY","GRD","AMR","YEAR","Americas","SEX",2019,"SEX_BTSX","AGEGROUP","AGEGROUP_YEARSALL",NA,NA,NA,NA,"0.26 [0.11-0.46]",0.26147,0.11309,0.45691,NA,"2022-11-16T11:21:06+01:00","2019","2019-01-01T00:00:00+01:00","2019-12-31T00:00:00+01:00"
"71",1312906,"WSH_20_WAT","COUNTRY","NAM","AFR","YEAR","Africa","SEX",2019,"SEX_BTSX","AGEGROUP","AGEGROUP_YEARSALL",NA,NA,NA,NA,"0.39 [0.28-0.52]",0.3872,0.27533,0.5182,NA,"2022-11-16T11:21:07+01:00","2019","2019-01-01T00:00:00+01:00","2019-12-31T00:00:00+01:00"
"72",1938225,"WSH_20_WAT","COUNTRY","GEO","EUR","YEAR","Europe","SEX",2019,"SEX_BTSX","AGEGROUP","AGEGROUP_YEARSALL",NA,NA,NA,NA,"0.25 [0.16-0.37]",0.24516,0.15746,0.36781,NA,"2022-11-16T11:21:06+01:00","2019","2019-01-01T00:00:00+01:00","2019-12-31T00:00:00+01:00"
"73",5588019,"WSH_20_WAT","COUNTRY","LBY","EMR","YEAR","Eastern Mediterranean","SEX",2019,"SEX_BTSX","AGEGROUP","AGEGROUP_YEARSALL",NA,NA,NA,NA,"0.03 [0.00-0.24]",0.03449,0.0045,0.24014,NA,"2022-11-16T11:21:07+01:00","2019","2019-01-01T00:00:00+01:00","2019-12-31T00:00:00+01:00"
"74",7702396,"WSH_20_WAT","COUNTRY","MUS","AFR","YEAR","Africa","SEX",2019,"SEX_BTSX","AGEGROUP","AGEGROUP_YEARSALL",NA,NA,NA,NA,"0.36 [0.23-0.51]",0.3588,0.23499,0.50534,NA,"2022-11-16T11:21:07+01:00","2019","2019-01-01T00:00:00+01:00","2019-12-31T00:00:00+01:00"
"75",9856075,"WSH_20_WAT","COUNTRY","MNE","EUR","YEAR","Europe","SEX",2019,"SEX_BTSX","AGEGROUP","AGEGROUP_YEARSALL",NA,NA,NA,NA,"0.17 [0.06-0.36]",0.17313,0.06214,0.36474,NA,"2022-11-16T11:21:07+01:00","2019","2019-01-01T00:00:00+01:00","2019-12-31T00:00:00+01:00"
"76",882207,"WSH_20_WAT","COUNTRY","BGR","EUR","YEAR","Europe","SEX",2019,"SEX_BTSX","AGEGROUP","AGEGROUP_YEARSALL",NA,NA,NA,NA,"0.09 [0.02-0.27]",0.08916,0.02338,0.2699,NA,"2022-11-16T11:21:06+01:00","2019","2019-01-01T00:00:00+01:00","2019-12-31T00:00:00+01:00"
"77",7569659,"WSH_20_WAT","COUNTRY","BDI","AFR","YEAR","Africa","SEX",2019,"SEX_BTSX","AGEGROUP","AGEGROUP_YEARSALL",NA,NA,NA,NA,"0.44 [0.33-0.56]",0.44096,0.33003,0.55501,NA,"2022-11-16T11:21:06+01:00","2019","2019-01-01T00:00:00+01:00","2019-12-31T00:00:00+01:00"
"78",7145134,"WSH_20_WAT","COUNTRY","ARG","AMR","YEAR","Americas","SEX",2019,"SEX_BTSX","AGEGROUP","AGEGROUP_YEARSALL",NA,NA,NA,NA,"0.19 [0.04-0.45]",0.18674,0.04307,0.45032,NA,"2022-11-16T11:21:06+01:00","2019","2019-01-01T00:00:00+01:00","2019-12-31T00:00:00+01:00"
"79",4859500,"WSH_20_WAT","COUNTRY","NER","AFR","YEAR","Africa","SEX",2019,"SEX_BTSX","AGEGROUP","AGEGROUP_YEARSALL",NA,NA,NA,NA,"0.46 [0.36-0.58]",0.46444,0.35562,0.57972,NA,"2022-11-16T11:21:07+01:00","2019","2019-01-01T00:00:00+01:00","2019-12-31T00:00:00+01:00"
"80",5771800,"WSH_20_WAT","COUNTRY","MDG","AFR","YEAR","Africa","SEX",2019,"SEX_BTSX","AGEGROUP","AGEGROUP_YEARSALL",NA,NA,NA,NA,"0.36 [0.27-0.47]",0.36339,0.26846,0.4684,NA,"2022-11-16T11:21:07+01:00","2019","2019-01-01T00:00:00+01:00","2019-12-31T00:00:00+01:00"
"81",6037675,"WSH_20_WAT","COUNTRY","PAN","AMR","YEAR","Americas","SEX",2019,"SEX_BTSX","AGEGROUP","AGEGROUP_YEARSALL",NA,NA,NA,NA,"0.20 [0.10-0.36]",0.19781,0.09798,0.35592,NA,"2022-11-16T11:21:07+01:00","2019","2019-01-01T00:00:00+01:00","2019-12-31T00:00:00+01:00"
"82",1281707,"WSH_20_WAT","COUNTRY","MNG","WPR","YEAR","Western Pacific","SEX",2019,"SEX_BTSX","AGEGROUP","AGEGROUP_YEARSALL",NA,NA,NA,NA,"0.19 [0.13-0.27]",0.18913,0.13115,0.26877,NA,"2022-11-16T11:21:07+01:00","2019","2019-01-01T00:00:00+01:00","2019-12-31T00:00:00+01:00"
"83",9444433,"WSH_20_WAT","COUNTRY","SEN","AFR","YEAR","Africa","SEX",2019,"SEX_BTSX","AGEGROUP","AGEGROUP_YEARSALL",NA,NA,NA,NA,"0.40 [0.29-0.52]",0.39834,0.29475,0.52372,NA,"2022-11-16T11:21:07+01:00","2019","2019-01-01T00:00:00+01:00","2019-12-31T00:00:00+01:00"
"84",5194319,"WSH_20_WAT","COUNTRY","TCD","AFR","YEAR","Africa","SEX",2019,"SEX_BTSX","AGEGROUP","AGEGROUP_YEARSALL",NA,NA,NA,NA,"0.47 [0.36-0.58]",0.46752,0.36071,0.5829,NA,"2022-11-16T11:21:08+01:00","2019","2019-01-01T00:00:00+01:00","2019-12-31T00:00:00+01:00"
"85",1743323,"WSH_20_WAT","COUNTRY","COL","AMR","YEAR","Americas","SEX",2019,"SEX_BTSX","AGEGROUP","AGEGROUP_YEARSALL",NA,NA,NA,NA,"0.19 [0.09-0.36]",0.19161,0.0915,0.35889,NA,"2022-11-16T11:21:06+01:00","2019","2019-01-01T00:00:00+01:00","2019-12-31T00:00:00+01:00"
"86",8120709,"WSH_20_WAT","COUNTRY","PHL","WPR","YEAR","Western Pacific","SEX",2019,"SEX_BTSX","AGEGROUP","AGEGROUP_YEARSALL",NA,NA,NA,NA,"0.30 [0.19-0.45]",0.30496,0.19155,0.45075,NA,"2022-11-16T11:21:07+01:00","2019","2019-01-01T00:00:00+01:00","2019-12-31T00:00:00+01:00"
"87",2688404,"WSH_20_WAT","COUNTRY","GIN","AFR","YEAR","Africa","SEX",2019,"SEX_BTSX","AGEGROUP","AGEGROUP_YEARSALL",NA,NA,NA,NA,"0.42 [0.32-0.53]",0.42153,0.32197,0.53308,NA,"2022-11-16T11:21:06+01:00","2019","2019-01-01T00:00:00+01:00","2019-12-31T00:00:00+01:00"
"88",2452378,"WSH_20_WAT","COUNTRY","COM","AFR","YEAR","Africa","SEX",2019,"SEX_BTSX","AGEGROUP","AGEGROUP_YEARSALL",NA,NA,NA,NA,"0.37 [0.26-0.50]",0.37077,0.26302,0.5012,NA,"2022-11-16T11:21:06+01:00","2019","2019-01-01T00:00:00+01:00","2019-12-31T00:00:00+01:00"
"89",1655016,"WSH_20_WAT","COUNTRY","DOM","AMR","YEAR","Americas","SEX",2019,"SEX_BTSX","AGEGROUP","AGEGROUP_YEARSALL",NA,NA,NA,NA,"0.32 [0.22-0.44]",0.31611,0.21612,0.44331,NA,"2022-11-16T11:21:06+01:00","2019","2019-01-01T00:00:00+01:00","2019-12-31T00:00:00+01:00"
"90",5219179,"WSH_20_WAT","COUNTRY","BIH","EUR","YEAR","Europe","SEX",2019,"SEX_BTSX","AGEGROUP","AGEGROUP_YEARSALL",NA,NA,NA,NA,"0.20 [0.07-0.41]",0.20466,0.07081,0.40747,NA,"2022-11-16T11:21:06+01:00","2019","2019-01-01T00:00:00+01:00","2019-12-31T00:00:00+01:00"
"91",7753566,"WSH_20_WAT","COUNTRY","KGZ","EUR","YEAR","Europe","SEX",2019,"SEX_BTSX","AGEGROUP","AGEGROUP_YEARSALL",NA,NA,NA,NA,"0.19 [0.09-0.38]",0.1944,0.086,0.37976,NA,"2022-11-16T11:21:07+01:00","2019","2019-01-01T00:00:00+01:00","2019-12-31T00:00:00+01:00"
"92",4492078,"WSH_20_WAT","COUNTRY","SDN","EMR","YEAR","Eastern Mediterranean","SEX",2019,"SEX_BTSX","AGEGROUP","AGEGROUP_YEARSALL",NA,NA,NA,NA,"0.41 [0.29-0.55]",0.41246,0.28755,0.54502,NA,"2022-11-16T11:21:07+01:00","2019","2019-01-01T00:00:00+01:00","2019-12-31T00:00:00+01:00"
"93",6202166,"WSH_20_WAT","COUNTRY","LSO","AFR","YEAR","Africa","SEX",2019,"SEX_BTSX","AGEGROUP","AGEGROUP_YEARSALL",NA,NA,NA,NA,"0.39 [0.29-0.51]",0.39042,0.28549,0.50692,NA,"2022-11-16T11:21:07+01:00","2019","2019-01-01T00:00:00+01:00","2019-12-31T00:00:00+01:00"
"94",4396938,"WSH_20_WAT","COUNTRY","DZA","AFR","YEAR","Africa","SEX",2019,"SEX_BTSX","AGEGROUP","AGEGROUP_YEARSALL",NA,NA,NA,NA,"0.27 [0.18-0.40]",0.26926,0.1752,0.39697,NA,"2022-11-16T11:21:06+01:00","2019","2019-01-01T00:00:00+01:00","2019-12-31T00:00:00+01:00"
"95",3770955,"WSH_20_WAT","COUNTRY","TZA","AFR","YEAR","Africa","SEX",2019,"SEX_BTSX","AGEGROUP","AGEGROUP_YEARSALL",NA,NA,NA,NA,"0.37 [0.27-0.48]",0.36937,0.2737,0.47925,NA,"2022-11-16T11:21:08+01:00","2019","2019-01-01T00:00:00+01:00","2019-12-31T00:00:00+01:00"
"96",2606997,"WSH_20_WAT","COUNTRY","ZMB","AFR","YEAR","Africa","SEX",2019,"SEX_BTSX","AGEGROUP","AGEGROUP_YEARSALL",NA,NA,NA,NA,"0.37 [0.28-0.48]",0.37096,0.28129,0.47662,NA,"2022-11-16T11:21:08+01:00","2019","2019-01-01T00:00:00+01:00","2019-12-31T00:00:00+01:00"
"97",9882641,"WSH_20_WAT","COUNTRY","AZE","EUR","YEAR","Europe","SEX",2019,"SEX_BTSX","AGEGROUP","AGEGROUP_YEARSALL",NA,NA,NA,NA,"0.03 [0.01-0.07]",0.03135,0.01378,0.07297,NA,"2022-11-16T11:21:06+01:00","2019","2019-01-01T00:00:00+01:00","2019-12-31T00:00:00+01:00"
"98",5345515,"WSH_20_WAT","COUNTRY","MOZ","AFR","YEAR","Africa","SEX",2019,"SEX_BTSX","AGEGROUP","AGEGROUP_YEARSALL",NA,NA,NA,NA,"0.44 [0.34-0.56]",0.44318,0.33572,0.55734,NA,"2022-11-16T11:21:07+01:00","2019","2019-01-01T00:00:00+01:00","2019-12-31T00:00:00+01:00"
"99",2638525,"WSH_20_WAT","COUNTRY","GAB","AFR","YEAR","Africa","SEX",2019,"SEX_BTSX","AGEGROUP","AGEGROUP_YEARSALL",NA,NA,NA,NA,"0.37 [0.23-0.52]",0.36571,0.22546,0.51752,NA,"2022-11-16T11:21:06+01:00","2019","2019-01-01T00:00:00+01:00","2019-12-31T00:00:00+01:00"
"100",9521471,"WSH_20_WAT","COUNTRY","IRN","EMR","YEAR","Eastern Mediterranean","SEX",2019,"SEX_BTSX","AGEGROUP","AGEGROUP_YEARSALL",NA,NA,NA,NA,"0.02 [0.01-0.06]",0.0202,0.00658,0.06059,NA,"2022-11-16T11:21:06+01:00","2019","2019-01-01T00:00:00+01:00","2019-12-31T00:00:00+01:00"
"101",1750665,"WSH_20_WAT","COUNTRY","COG","AFR","YEAR","Africa","SEX",2019,"SEX_BTSX","AGEGROUP","AGEGROUP_YEARSALL",NA,NA,NA,NA,"0.40 [0.29-0.52]",0.39709,0.28794,0.52005,NA,"2022-11-16T11:21:06+01:00","2019","2019-01-01T00:00:00+01:00","2019-12-31T00:00:00+01:00"
"102",8299117,"WSH_20_WAT","COUNTRY","THA","SEAR","YEAR","South-East Asia","SEX",2019,"SEX_BTSX","AGEGROUP","AGEGROUP_YEARSALL",NA,NA,NA,NA,"0.27 [0.15-0.42]",0.2667,0.15341,0.41801,NA,"2022-11-16T11:21:08+01:00","2019","2019-01-01T00:00:00+01:00","2019-12-31T00:00:00+01:00"
"103",5716081,"WSH_20_WAT","COUNTRY","CHN","WPR","YEAR","Western Pacific","SEX",2019,"SEX_BTSX","AGEGROUP","AGEGROUP_YEARSALL",NA,NA,NA,NA,"0.16 [0.07-0.33]",0.15816,0.07259,0.33427,NA,"2022-11-16T11:21:06+01:00","2019","2019-01-01T00:00:00+01:00","2019-12-31T00:00:00+01:00"
"104",7684674,"WSH_20_WAT","COUNTRY","NIC","AMR","YEAR","Americas","SEX",2019,"SEX_BTSX","AGEGROUP","AGEGROUP_YEARSALL",NA,NA,NA,NA,"0.29 [0.19-0.43]",0.29101,0.18641,0.42542,NA,"2022-11-16T11:21:07+01:00","2019","2019-01-01T00:00:00+01:00","2019-12-31T00:00:00+01:00"
"105",3246404,"WSH_20_WAT","COUNTRY","JAM","AMR","YEAR","Americas","SEX",2019,"SEX_BTSX","AGEGROUP","AGEGROUP_YEARSALL",NA,NA,NA,NA,"0.19 [0.11-0.32]",0.19017,0.1116,0.31728,NA,"2022-11-16T11:21:07+01:00","2019","2019-01-01T00:00:00+01:00","2019-12-31T00:00:00+01:00"
"106",8425667,"WSH_20_WAT","COUNTRY","GNB","AFR","YEAR","Africa","SEX",2019,"SEX_BTSX","AGEGROUP","AGEGROUP_YEARSALL",NA,NA,NA,NA,"0.44 [0.34-0.56]",0.4442,0.34037,0.55604,NA,"2022-11-16T11:21:06+01:00","2019","2019-01-01T00:00:00+01:00","2019-12-31T00:00:00+01:00"
"107",5830151,"WSH_20_WAT","COUNTRY","SWZ","AFR","YEAR","Africa","SEX",2019,"SEX_BTSX","AGEGROUP","AGEGROUP_YEARSALL",NA,NA,NA,NA,"0.38 [0.24-0.53]",0.38367,0.2411,0.5298,NA,"2022-11-16T11:21:08+01:00","2019","2019-01-01T00:00:00+01:00","2019-12-31T00:00:00+01:00"
"108",3481239,"WSH_20_WAT","COUNTRY","GHA","AFR","YEAR","Africa","SEX",2019,"SEX_BTSX","AGEGROUP","AGEGROUP_YEARSALL",NA,NA,NA,NA,"0.38 [0.28-0.50]",0.38354,0.28046,0.5012,NA,"2022-11-16T11:21:06+01:00","2019","2019-01-01T00:00:00+01:00","2019-12-31T00:00:00+01:00"
"109",1156495,"WSH_20_WAT","COUNTRY","UKR","EUR","YEAR","Europe","SEX",2019,"SEX_BTSX","AGEGROUP","AGEGROUP_YEARSALL",NA,NA,NA,NA,"0.14 [0.05-0.36]",0.14333,0.04508,0.36289,NA,"2022-11-16T11:21:08+01:00","2019","2019-01-01T00:00:00+01:00","2019-12-31T00:00:00+01:00"
"110",8058397,"WSH_20_WAT","COUNTRY","ECU","AMR","YEAR","Americas","SEX",2019,"SEX_BTSX","AGEGROUP","AGEGROUP_YEARSALL",NA,NA,NA,NA,"0.20 [0.13-0.29]",0.19629,0.13018,0.29101,NA,"2022-11-16T11:21:06+01:00","2019","2019-01-01T00:00:00+01:00","2019-12-31T00:00:00+01:00"
"111",3481424,"WSH_20_WAT","COUNTRY","HTI","AMR","YEAR","Americas","SEX",2019,"SEX_BTSX","AGEGROUP","AGEGROUP_YEARSALL",NA,NA,NA,NA,"0.40 [0.31-0.50]",0.39721,0.30612,0.50161,NA,"2022-11-16T11:21:06+01:00","2019","2019-01-01T00:00:00+01:00","2019-12-31T00:00:00+01:00"
"112",8989251,"WSH_20_WAT","COUNTRY","MMR","SEAR","YEAR","South-East Asia","SEX",2019,"SEX_BTSX","AGEGROUP","AGEGROUP_YEARSALL",NA,NA,NA,NA,"0.28 [0.16-0.43]",0.27543,0.16019,0.43448,NA,"2022-11-16T11:21:07+01:00","2019","2019-01-01T00:00:00+01:00","2019-12-31T00:00:00+01:00"
"113",9312796,"WSH_20_WAT","COUNTRY","MLI","AFR","YEAR","Africa","SEX",2019,"SEX_BTSX","AGEGROUP","AGEGROUP_YEARSALL",NA,NA,NA,NA,"0.41 [0.31-0.53]",0.41333,0.31264,0.52961,NA,"2022-11-16T11:21:07+01:00","2019","2019-01-01T00:00:00+01:00","2019-12-31T00:00:00+01:00"
"114",2143045,"WSH_20_WAT","COUNTRY","ERI","AFR","YEAR","Africa","SEX",2019,"SEX_BTSX","AGEGROUP","AGEGROUP_YEARSALL",NA,NA,NA,NA,"0.43 [0.30-0.56]",0.42552,0.30356,0.55785,NA,"2022-11-16T11:21:06+01:00","2019","2019-01-01T00:00:00+01:00","2019-12-31T00:00:00+01:00"
"115",5931816,"WSH_20_WAT","COUNTRY","CMR","AFR","YEAR","Africa","SEX",2019,"SEX_BTSX","AGEGROUP","AGEGROUP_YEARSALL",NA,NA,NA,NA,"0.42 [0.31-0.53]",0.41944,0.31428,0.53452,NA,"2022-11-16T11:21:06+01:00","2019","2019-01-01T00:00:00+01:00","2019-12-31T00:00:00+01:00"
"116",492654,"WSH_20_WAT","COUNTRY","PER","AMR","YEAR","Americas","SEX",2019,"SEX_BTSX","AGEGROUP","AGEGROUP_YEARSALL",NA,NA,NA,NA,"0.28 [0.18-0.42]",0.27917,0.18038,0.41781,NA,"2022-11-16T11:21:07+01:00","2019","2019-01-01T00:00:00+01:00","2019-12-31T00:00:00+01:00"
"117",537115,"WSH_20_WAT","COUNTRY","VNM","WPR","YEAR","Western Pacific","SEX",2019,"SEX_BTSX","AGEGROUP","AGEGROUP_YEARSALL",NA,NA,NA,NA,"0.09 [0.06-0.14]",0.08691,0.05578,0.13641,NA,"2022-11-16T11:21:08+01:00","2019","2019-01-01T00:00:00+01:00","2019-12-31T00:00:00+01:00"
"118",10168015,"WSH_20_WAT","COUNTRY","MWI","AFR","YEAR","Africa","SEX",2019,"SEX_BTSX","AGEGROUP","AGEGROUP_YEARSALL",NA,NA,NA,NA,"0.40 [0.30-0.51]",0.40134,0.30466,0.50717,NA,"2022-11-16T11:21:07+01:00","2019","2019-01-01T00:00:00+01:00","2019-12-31T00:00:00+01:00"
"119",2047955,"WSH_20_WAT","COUNTRY","LBN","EMR","YEAR","Eastern Mediterranean","SEX",2019,"SEX_BTSX","AGEGROUP","AGEGROUP_YEARSALL",NA,NA,NA,NA,"0.11 [0.03-0.31]",0.11238,0.03143,0.30956,NA,"2022-11-16T11:21:07+01:00","2019","2019-01-01T00:00:00+01:00","2019-12-31T00:00:00+01:00"
"120",3190170,"WSH_20_WAT","COUNTRY","MDV","SEAR","YEAR","South-East Asia","SEX",2019,"SEX_BTSX","AGEGROUP","AGEGROUP_YEARSALL",NA,NA,NA,NA,"0.27 [0.15-0.43]",0.27016,0.14568,0.43171,NA,"2022-11-16T11:21:07+01:00","2019","2019-01-01T00:00:00+01:00","2019-12-31T00:00:00+01:00"
"121",6121411,"WSH_20_WAT","COUNTRY","CAF","AFR","YEAR","Africa","SEX",2019,"SEX_BTSX","AGEGROUP","AGEGROUP_YEARSALL",NA,NA,NA,NA,"0.47 [0.35-0.58]",0.46652,0.35487,0.58134,NA,"2022-11-16T11:21:06+01:00","2019","2019-01-01T00:00:00+01:00","2019-12-31T00:00:00+01:00"
"122",726539,"WSH_20_WAT","COUNTRY","AFG","EMR","YEAR","Eastern Mediterranean","SEX",2019,"SEX_BTSX","AGEGROUP","AGEGROUP_YEARSALL",NA,NA,NA,NA,"0.40 [0.30-0.52]",0.4046,0.30434,0.51725,NA,"2022-11-16T11:21:06+01:00","2019","2019-01-01T00:00:00+01:00","2019-12-31T00:00:00+01:00"
"123",1372409,"WSH_20_WAT","COUNTRY","PAK","EMR","YEAR","Eastern Mediterranean","SEX",2019,"SEX_BTSX","AGEGROUP","AGEGROUP_YEARSALL",NA,NA,NA,NA,"0.37 [0.26-0.50]",0.37242,0.26363,0.50079,NA,"2022-11-16T11:21:07+01:00","2019","2019-01-01T00:00:00+01:00","2019-12-31T00:00:00+01:00"
"124",9915294,"WSH_20_WAT","COUNTRY","SLB","WPR","YEAR","Western Pacific","SEX",2019,"SEX_BTSX","AGEGROUP","AGEGROUP_YEARSALL",NA,NA,NA,NA,"0.38 [0.24-0.52]",0.37583,0.24233,0.51891,NA,"2022-11-16T11:21:07+01:00","2019","2019-01-01T00:00:00+01:00","2019-12-31T00:00:00+01:00"
"125",7964155,"WSH_20_WAT","COUNTRY","GNQ","AFR","YEAR","Africa","SEX",2019,"SEX_BTSX","AGEGROUP","AGEGROUP_YEARSALL",NA,NA,NA,NA,"0.41 [0.26-0.56]",0.405,0.26286,0.55618,NA,"2022-11-16T11:21:06+01:00","2019","2019-01-01T00:00:00+01:00","2019-12-31T00:00:00+01:00"
"126",4576131,"WSH_20_WAT","COUNTRY","BWA","AFR","YEAR","Africa","SEX",2019,"SEX_BTSX","AGEGROUP","AGEGROUP_YEARSALL",NA,NA,NA,NA,"0.26 [0.13-0.43]",0.25683,0.12876,0.42947,NA,"2022-11-16T11:21:06+01:00","2019","2019-01-01T00:00:00+01:00","2019-12-31T00:00:00+01:00"
"127",2772970,"WSH_20_WAT","COUNTRY","HND","AMR","YEAR","Americas","SEX",2019,"SEX_BTSX","AGEGROUP","AGEGROUP_YEARSALL",NA,NA,NA,NA,"0.24 [0.17-0.34]",0.24064,0.16837,0.33653,NA,"2022-11-16T11:21:06+01:00","2019","2019-01-01T00:00:00+01:00","2019-12-31T00:00:00+01:00"
"128",7540384,"WSH_20_WAT","COUNTRY","IRQ","EMR","YEAR","Eastern Mediterranean","SEX",2019,"SEX_BTSX","AGEGROUP","AGEGROUP_YEARSALL",NA,NA,NA,NA,"0.30 [0.19-0.44]",0.29683,0.18986,0.43659,NA,"2022-11-16T11:21:06+01:00","2019","2019-01-01T00:00:00+01:00","2019-12-31T00:00:00+01:00"
"129",4114345,"WSH_20_WAT","COUNTRY","KAZ","EUR","YEAR","Europe","SEX",2019,"SEX_BTSX","AGEGROUP","AGEGROUP_YEARSALL",NA,NA,NA,NA,"0.11 [0.05-0.23]",0.10849,0.04939,0.2322,NA,"2022-11-16T11:21:07+01:00","2019","2019-01-01T00:00:00+01:00","2019-12-31T00:00:00+01:00"
"130",973599,"WSH_20_WAT","COUNTRY","BLZ","AMR","YEAR","Americas","SEX",2019,"SEX_BTSX","AGEGROUP","AGEGROUP_YEARSALL",NA,NA,NA,NA,"0.26 [0.14-0.43]",0.26336,0.13976,0.42688,NA,"2022-11-16T11:21:06+01:00","2019","2019-01-01T00:00:00+01:00","2019-12-31T00:00:00+01:00"
"131",9275513,"WSH_20_WAT","COUNTRY","TLS","SEAR","YEAR","South-East Asia","SEX",2019,"SEX_BTSX","AGEGROUP","AGEGROUP_YEARSALL",NA,NA,NA,NA,"0.15 [0.10-0.23]",0.1536,0.10354,0.22902,NA,"2022-11-16T11:21:08+01:00","2019","2019-01-01T00:00:00+01:00","2019-12-31T00:00:00+01:00"
"132",7009001,"WSH_20_WAT","COUNTRY","PRY","AMR","YEAR","Americas","SEX",2019,"SEX_BTSX","AGEGROUP","AGEGROUP_YEARSALL",NA,NA,NA,NA,"0.27 [0.18-0.39]",0.27427,0.18478,0.39298,NA,"2022-11-16T11:21:07+01:00","2019","2019-01-01T00:00:00+01:00","2019-12-31T00:00:00+01:00"
